username;first_name;last_name;age_range;city;email;password;profile_description;carbon_count;picture_file_path
bettyboooo;Betty;Tree;20;Berlin ;test@email.com;123456;Lorem ipsum dolor sit amet, consectetur adipiscing elit, sed do eiusmod tempor incididunt ut labore et dolore magna aliqua. Ut enim ad minim veniam, quis nostrud exercitation ullamco laboris nisi ut aliquip ex ea commodo consequat.;0;https://images.unsplash.com/photo-1534528741775-53994a69daeb?ixlib=rb-4.0.3&ixid=M3wxMjA3fDB8MHxzZWFyY2h8M3x8cGVvcGxlfGVufDB8fDB8fHww&auto=format&fit=crop&w=500&q=60
Johno;John;Air;50;London;test1@email.com;123456;Lorem ipsum dolor sit amet, consectetur adipiscing elit, sed do eiusmod tempor incididunt ut labore et dolore magna aliqua. Ut enim ad minim veniam, quis nostrud exercitation ullamco laboris nisi ut aliquip ex ea commodo consequat.;100;https://images.unsplash.com/photo-1539571696357-5a69c17a67c6?ixlib=rb-4.0.3&ixid=M3wxMjA3fDB8MHxzZWFyY2h8OXx8cGVvcGxlfGVufDB8fDB8fHww&auto=format&fit=crop&w=500&q=60
Alex5;Alex;Element;15;Warsaw;test2@email.com;123456;Lorem ipsum dolor sit amet, consectetur adipiscing elit, sed do eiusmod tempor incididunt ut labore et dolore magna aliqua. Ut enim ad minim veniam, quis nostrud exercitation ullamco laboris nisi ut aliquip ex ea commodo consequat.;500;https://images.unsplash.com/photo-1539571696357-5a69c17a67c6?ixlib=rb-4.0.3&ixid=M3wxMjA3fDB8MHxzZWFyY2h8OXx8cGVvcGxlfGVufDB8fDB8fHww&auto=format&fit=crop&w=500&q=60
Maryrrrrr;Mary;Glue;45;Paris;test3@email.com;123456;Lorem ipsum dolor sit amet, consectetur adipiscing elit, sed do eiusmod tempor incididunt ut labore et dolore magna aliqua. Ut enim ad minim veniam, quis nostrud exercitation ullamco laboris nisi ut aliquip ex ea commodo consequat.;0;https://images.unsplash.com/photo-1501196354995-cbb51c65aaea?ixlib=rb-4.0.3&ixid=M3wxMjA3fDB8MHxzZWFyY2h8MjN8fHBlb3BsZXxlbnwwfHwwfHx8MA%3D%3D&auto=format&fit=crop&w=500&q=60
John1111;John;Bored;56;New York;test4@email.com;123456;Lorem ipsum dolor sit amet, consectetur adipiscing elit, sed do eiusmod tempor incididunt ut labore et dolore magna aliqua. Ut enim ad minim veniam, quis nostrud exercitation ullamco laboris nisi ut aliquip ex ea commodo consequat.;10000;https://images.unsplash.com/photo-1463453091185-61582044d556?ixlib=rb-4.0.3&ixid=M3wxMjA3fDB8MHxzZWFyY2h8Mjl8fHBlb3BsZXxlbnwwfHwwfHx8MA%3D%3D&auto=format&fit=crop&w=500&q=60
Harry5;Harry;Ford;14;Berlin ;test5@email.com;123456;Lorem ipsum dolor sit amet, consectetur adipiscing elit, sed do eiusmod tempor incididunt ut labore et dolore magna aliqua. Ut enim ad minim veniam, quis nostrud exercitation ullamco laboris nisi ut aliquip ex ea commodo consequat.;0;https://images.unsplash.com/photo-1507003211169-0a1dd7228f2d?ixlib=rb-4.0.3&ixid=M3wxMjA3fDB8MHxzZWFyY2h8MTZ8fHBlb3BsZXxlbnwwfHwwfHx8MA%3D%3D&auto=format&fit=crop&w=500&q=60
Martha45;Martha;Lord;18;London;test6@email.com;123456;Lorem ipsum dolor sit amet, consectetur adipiscing elit, sed do eiusmod tempor incididunt ut labore et dolore magna aliqua. Ut enim ad minim veniam, quis nostrud exercitation ullamco laboris nisi ut aliquip ex ea commodo consequat.;0;https://images.unsplash.com/photo-1463453091185-61582044d556?ixlib=rb-4.0.3&ixid=M3wxMjA3fDB8MHxzZWFyY2h8Mjl8fHBlb3BsZXxlbnwwfHwwfHx8MA%3D%3D&auto=format&fit=crop&w=500&q=60
Fiona123;Fiona;Smith;19;Warsaw;test7@email.com;123456;Lorem ipsum dolor sit amet, consectetur adipiscing elit, sed do eiusmod tempor incididunt ut labore et dolore magna aliqua. Ut enim ad minim veniam, quis nostrud exercitation ullamco laboris nisi ut aliquip ex ea commodo consequat.;0;https://images.unsplash.com/photo-1494790108377-be9c29b29330?ixlib=rb-4.0.3&ixid=M3wxMjA3fDB8MHxzZWFyY2h8Mnx8cGVvcGxlfGVufDB8fDB8fHww&auto=format&fit=crop&w=500&q=60
Joel23;Joel;Smith;20;Paris;test8@email.com;123456;Lorem ipsum dolor sit amet, consectetur adipiscing elit, sed do eiusmod tempor incididunt ut labore et dolore magna aliqua. Ut enim ad minim veniam, quis nostrud exercitation ullamco laboris nisi ut aliquip ex ea commodo consequat.;0;https://images.unsplash.com/photo-1529626455594-4ff0802cfb7e?ixlib=rb-4.0.3&ixid=M3wxMjA3fDB8MHxzZWFyY2h8MjZ8fHBlb3BsZXxlbnwwfHwwfHx8MA%3D%3D&auto=format&fit=crop&w=500&q=60
Bolean;Bo;Smith;21;Warsaw;test9@email.com;123456;Lorem ipsum dolor sit amet, consectetur adipiscing elit, sed do eiusmod tempor incididunt ut labore et dolore magna aliqua. Ut enim ad minim veniam, quis nostrud exercitation ullamco laboris nisi ut aliquip ex ea commodo consequat.;0;https://images.unsplash.com/photo-1524504388940-b1c1722653e1?ixlib=rb-4.0.3&ixid=M3wxMjA3fDB8MHxzZWFyY2h8MTd8fHBlb3BsZXxlbnwwfHwwfHx8MA%3D%3D&auto=format&fit=crop&w=500&q=60
